,words,count
100,A,9
256,Able,1
145,About,4
50,Academic,5
31,Academics,3
418,Accepted,1
511,Accounting,1
204,Action,2
359,Actions,1
646,Activities,2
740,Activity,1
353,Acumen,1
530,Administrative,1
206,Admission,2
52,Admissions,2
312,Advanced,1
547,Advancement,1
536,Affairs,1
679,Affirmative,1
369,After,3
599,Against,1
625,Age,1
250,Agencies,1
448,Aid,1
32,All,2
27,Alumni,3
686,Amendments,1
258,Analyze,1
68,And,21
634,Any,2
424,Applicants,2
402,Application,1
415,Applications,1
394,Applied,1
155,Apply,3
425,Are,1
268,As,2
99,Ask,2
704,Assistance,2
120,Association,2
485,Athletic,1
102,Athletics,5
373,Available,1
692,Based,1
610,Basis,2
255,Be,7
659,Been,1
728,Benefits,1
235,Big,1
390,Biomedical,1
280,Booming,1
343,Business,3
648,By,1
747,C,1
51,Calendar,1
469,Calendars,1
107,Campus,2
162,Canvas,2
153,Career,3
380,Careers,1
47,Catalog,4
484,Center,1
81,Centers,2
638,Class,1
405,Close,1
422,Closes,1
320,Collect,1
98,Collections,1
474,College,1
35,Colleges,1
613,Color,1
113,Com,3
96,Commons,1
262,Communicate,1
245,Companies,1
313,Computational,1
541,Conference,1
233,Consecutive,1
407,Consideration,1
160,Contact,3
17,Content,1
338,Context,1
576,Copyright,1
123,Corporate,3
470,Course,1
615,Creed,1
23,Current,2
3,Data,16
435,Deadline,1
266,Decision,1
244,Decisions,1
1,Degree,5
372,Degrees,1
272,Demand,3
726,Denied,1
660,Designated,1
122,Development,2
95,Digital,1
165,Directoriesapply,1
624,Disability,1
346,Disciplines,1
181,Discover,2
598,Discriminate,1
666,Discrimination,3
70,Division,2
596,Does,1
171,Earn,1
391,Education,4
261,Effectively,1
253,Employees,2
607,Employment,2
426,Encouraged,1
392,Engineering,1
512,Environmental,1
676,Equal,1
657,Equity,1
542,Event,1
127,Events,3
721,Excluded,1
251,Expect,1
187,Explore,1
623,Expression,1
566,Facebook,1
490,Facilities,1
29,Faculty,2
410,Fall,1
26,Family,1
453,Faqs,1
702,Federal,2
84,Fedex,2
451,Fee,1
65,Fees,1
154,Fields,1
538,Finance,1
447,Financial,3
264,Findings,2
562,Follow,1
75,For,13
488,Former,1
124,Foundation,3
399,From,3
493,Fund,1
183,Future,2
621,Gender,1
631,Genetic,1
111,Gift,3
169,Give,1
400,Glassdoor,1
38,Global,2
571,Got,1
112,Gotigersgo,2
249,Government,3
48,Graduate,4
348,Graduates,2
472,Graduation,1
510,Grants,1
285,Growing,1
662,Handle,1
237,Has,2
349,Have,1
513,Health,1
341,High,1
367,Highly,1
215,Home,1
473,Honors,1
309,How,1
622,Identity,1
581,Important,1
328,Importantly,1
2,In,16
274,Individuals,1
78,Industry,1
480,Information,4
69,Innovation,3
663,Inquiries,1
565,Instagram,1
85,Institute,2
83,Institutes,2
90,Institutional,3
60,International,2
324,Interpret,1
358,Into,1
481,Intramural,1
106,Intramurals,1
279,Is,3
682,Ix,3
44,Jackson,1
230,Job,1
43,Lambuth,1
583,Last,1
58,Law,2
191,Learn,5
636,Legally,1
101,Librarian,1
92,Libraries,4
569,Linkedin,1
137,Magazines,1
16,Main,1
109,Make,4
267,Making,1
323,Manipulate,1
556,Marketing,1
0,Masters,5
413,May,2
134,Media,3
13,Memphis,8
139,Menu,1
316,Methods,2
756,Misconduct,1
192,More,5
366,Most,1
299,Ms,1
164,Mymemphis,1
616,National,1
298,New,1
126,News,3
414,No,2
246,Non,2
597,Not,1
582,Notice,1
156,Now,1
12,Of,21
335,Offered,1
296,Offering,1
88,Office,5
412,On,4
363,One,1
39,Online,3
152,Opportunities,4
677,Opportunity,1
602,Or,6
241,Organizations,2
620,Orientation,1
617,Origin,1
635,Other,1
25,Parents,2
723,Participation,1
340,Particular,1
80,Partners,1
545,Partnerships,1
452,Payment,1
689,People,1
709,Person,1
591,Phone,1
667,Policies,1
421,Portal,1
403,Portals,1
188,Potential,2
377,Prepared,1
532,President,1
202,Previousnext,1
570,Print,1
290,Professionals,1
247,Profits,1
41,Program,8
644,Programs,2
21,Prospective,2
629,Protected,2
688,Protects,1
459,Provost,1
379,Pursue,1
573,Question,1
612,Race,1
384,Range,1
229,Ranked,1
396,Ratings,1
108,Rec,1
701,Receive,1
741,Receiving,1
483,Recreation,1
664,Regarding,1
125,Relations,3
614,Religion,1
198,Requirements,2
67,Research,8
76,Researchers,2
640,Respect,1
282,Response,1
270,Result,1
322,Retrieve,1
205,Review,1
238,Revolutionized,1
135,Room,1
460,S,3
19,Safety,2
289,Savvy,1
471,Schedule,1
492,Scholarship,1
449,Scholarships,1
59,School,2
36,Schools,1
4,Science,11
395,Sciences,1
345,Scientific,1
138,Search,1
18,Searchx,1
20,Security,2
196,See,1
543,Services,2
618,Sex,3
619,Sexual,2
714,Shall,1
278,Skills,1
14,Skip,1
347,So,1
368,Sought,1
97,Special,1
647,Sponsored,1
482,Sports,1
430,Spring,1
434,St,1
30,Staff,1
707,States,2
315,Statistical,1
626,Status,1
321,Store,1
243,Strategic,1
130,Student,2
22,Students,7
732,Subjected,1
559,Success,1
114,Support,4
203,Take,1
87,Technology,3
411,Term,1
10,The,26
252,Their,3
329,These,1
33,Things,1
232,Third,1
304,This,1
303,Throughout,1
479,Ticket,1
105,Tickets,1
103,Tiger,3
553,Tigerhelp,1
489,Tigers,1
681,Title,3
45,Tn,2
15,To,14
575,Tom,1
318,Tools,2
64,Tour,2
463,Transcripts,1
61,Transfer,1
355,Translate,1
66,Tuition,2
567,Twitter,1
745,U,1
163,Ummail,1
735,Under,1
46,Undergraduate,4
351,Understanding,1
712,United,1
11,University,9
37,Uofm,8
584,Updated,1
161,Us,2
311,Use,1
371,Versatile,1
630,Veteran,1
28,Veterans,1
63,Virtual,2
166,Visit,3
326,Visualize,1
240,Way,1
700,Which,1
383,Wide,1
307,Will,5
275,With,2
271,Workforce,1
234,Year,1
172,Your,3
568,Youtube,1
129,Zone,1
